{
	"Version": 3,
	"FileReferences": {
		"Moc": "haru_greeter_t05.moc3",
		"Textures": [
			"haru_greeter_t05.2048/texture_00.png",
			"haru_greeter_t05.2048/texture_01.png"
		],
		"Physics": "haru_greeter_t05.physics3.json",
		"Pose": "haru_greeter_t05.pose3.json",
		"DisplayInfo": "haru_greeter_t05.cdi3.json",
		"Motions": {
			"": [
				{
					"File": "motion/haru_g_idle.motion3.json"
				},
				{
					"File": "motion/haru_g_m01.motion3.json"
				},
				{
					"File": "motion/haru_g_m02.motion3.json"
				},
				{
					"File": "motion/haru_g_m03.motion3.json"
				},
				{
					"File": "motion/haru_g_m04.motion3.json"
				},
				{
					"File": "motion/haru_g_m05.motion3.json"
				},
				{
					"File": "motion/haru_g_m06.motion3.json"
				},
				{
					"File": "motion/haru_g_m07.motion3.json"
				},
				{
					"File": "motion/haru_g_m08.motion3.json"
				},
				{
					"File": "motion/haru_g_m09.motion3.json"
				},
				{
					"File": "motion/haru_g_m10.motion3.json"
				},
				{
					"File": "motion/haru_g_m11.motion3.json"
				},
				{
					"File": "motion/haru_g_m12.motion3.json"
				},
				{
					"File": "motion/haru_g_m13.motion3.json"
				},
				{
					"File": "motion/haru_g_m14.motion3.json"
				},
				{
					"File": "motion/haru_g_m15.motion3.json"
				},
				{
					"File": "motion/haru_g_m16.motion3.json"
				},
				{
					"File": "motion/haru_g_m17.motion3.json"
				},
				{
					"File": "motion/haru_g_m18.motion3.json"
				},
				{
					"File": "motion/haru_g_m19.motion3.json"
				},
				{
					"File": "motion/haru_g_m20.motion3.json"
				},
				{
					"File": "motion/haru_g_m21.motion3.json"
				},
				{
					"File": "motion/haru_g_m22.motion3.json"
				},
				{
					"File": "motion/haru_g_m23.motion3.json"
				},
				{
					"File": "motion/haru_g_m24.motion3.json"
				},
				{
					"File": "motion/haru_g_m25.motion3.json"
				},
				{
					"File": "motion/haru_g_m26.motion3.json"
				}
			]
		}
	},
	"Groups": [
		{
			"Target": "Parameter",
			"Name": "EyeBlink",
			"Ids": [
				"ParamEyeLOpen",
				"ParamEyeROpen"
			]
		},
		{
			"Target": "Parameter",
			"Name": "LipSync",
			"Ids": [
				"ParamMouthOpenY"
			]
		}
	],
	"HitAreas": [
		{
			"Id": "HitArea",
			"Name": ""
		},
		{
			"Id": "HitArea2",
			"Name": ""
		}
	]
}